{"cameraMode":{"drawMode":0,"name":"Shaded","section":"Shading Mode"},"sceneLighting":false,"audioPlay":false,"sceneViewState":{"showFog":true,"showMaterialUpdate":false,"showSkybox":true,"showFlares":true,"showImageEffects":true,"showParticleSystems":true,"showVisualEffectGraphs":true,"m_FxEnabled":true},"in2DMode":false,"pivot":{"x":41.64328384399414,"y":12.545076370239258,"z":0.653846263885498},"rotation":{"x":-0.05147400498390198,"y":0.37156304717063906,"z":-0.020678766071796418,"w":-0.9267865419387817},"size":3.8501718044281008,"orthographic":false}