{"cameraMode":{"drawMode":0,"name":"Shaded","section":"Shading Mode"},"sceneLighting":false,"audioPlay":false,"sceneViewState":{"showFog":true,"showMaterialUpdate":false,"showSkybox":true,"showFlares":true,"showImageEffects":true,"showParticleSystems":true,"showVisualEffectGraphs":true,"m_FxEnabled":true},"in2DMode":false,"pivot":{"x":-49.691139221191409,"y":7.761852741241455,"z":8.631048202514649},"rotation":{"x":-0.011401277966797352,"y":0.9747785925865173,"z":-0.21695546805858613,"w":-0.051223453134298328},"size":13.351500511169434,"orthographic":false}